<metadata xml:lang="en"><Esri><CreaDate>20230810</CreaDate><CreaTime>17150000</CreaTime><ArcGISFormat>1.0</ArcGISFormat><SyncOnce>FALSE</SyncOnce><DataProperties><lineage><Process ToolSource="c:\program files\arcgis\pro\Resources\ArcToolbox\toolboxes\Data Management Tools.tbx\CreateFeatureclass" Date="20230810" Time="171500">CreateFeatureclass "D:\CDE_SEMESTER2\P.M.2.5 Hackathon\activefirepoints\activefirepoints.gdb" modis_2022_Thailand_XYTableToPoint Point modis_2022_Thailand.csv No No "GEOGCS["GCS_WGS_1984",DATUM["D_WGS_1984",SPHEROID["WGS_1984",6378137.0,298.257223563]],PRIMEM["Greenwich",0.0],UNIT["Degree",0.0174532925199433]];-400 -400 1000000000;-100000 10000;-100000 10000;8.98315284119521E-09;0.001;0.001;IsHighPrecision" # 0 0 0 #</Process><Process ToolSource="c:\program files\arcgis\pro\Resources\ArcToolbox\toolboxes\Data Management Tools.tbx\XYTableToPoint" Date="20230810" Time="171501">XYTableToPoint modis_2022_Thailand.csv "D:\CDE_SEMESTER2\P.M.2.5 Hackathon\activefirepoints\activefirepoints.gdb\modis_2022_Thailand_XYTableToPoint" longitude latitude # "GEOGCS["GCS_WGS_1984",DATUM["D_WGS_1984",SPHEROID["WGS_1984",6378137.0,298.257223563]],PRIMEM["Greenwich",0.0],UNIT["Degree",0.0174532925199433]];-400 -400 1000000000;-100000 10000;-100000 10000;8.98315284119521E-09;0.001;0.001;IsHighPrecision"</Process><Process ToolSource="c:\program files\arcgis\pro\Resources\ArcToolbox\toolboxes\Analysis Tools.tbx\Clip" Date="20230810" Time="171610">Clip modis_2022_Thailand_XYTableToPoint aoi "D:\CDE_SEMESTER2\P.M.2.5 Hackathon\activefirepoints\aoi2022firepoints.shp" #</Process><Process ToolSource="c:\program files\arcgis\pro\Resources\ArcToolbox\toolboxes\Conversion Tools.tbx\FeatureClassToFeatureClass" Date="20230812" Time="222408">FeatureClassToFeatureClass aoi2022firepoints "D:\CDE_SEMESTER2\P.M.2.5 Hackathon\activefirepoints" aoi2022hp.shp # "SOURCE_ID "SOURCE_ID" false false true 4 Long 0 0,First,#,D:\CDE_SEMESTER2\P.M.2.5 Hackathon\activefirepoints\aoi2022firepoints.shp,FID,-1,-1;brightness "brightness" true true false 19 Double 0 0,First,#,D:\CDE_SEMESTER2\P.M.2.5 Hackathon\activefirepoints\aoi2022firepoints.shp,brightness,-1,-1" #</Process><Process ToolSource="c:\program files\arcgis\pro\Resources\ArcToolbox\toolboxes\Spatial Statistics Tools.tbx\HotSpots" Date="20230812" Time="222408">HotSpots aoi2022firepoints brightness "D:\CDE_SEMESTER2\P.M.2.5 Hackathon\activefirepoints\aoi2022hp.shp" INVERSE_DISTANCE Euclidean Row # # # NO_FDR #</Process><Process ToolSource="c:\program files\arcgis\pro\Resources\ArcToolbox\toolboxes\Conversion Tools.tbx\ExportFeatures" Date="20230812" Time="222928">ExportFeatures aoi2022hp "D:\CDE_SEMESTER2\P.M.2.5 Hackathon\activefirepoints\hotspots\3hp2022.shp" # NOT_USE_ALIAS "SOURCE_ID "SOURCE_ID" true true false 10 Long 0 10,First,#,aoi2022hp,SOURCE_ID,-1,-1;brightness "brightness" true true false 19 Double 0 0,First,#,aoi2022hp,brightness,-1,-1;GiZScore "GiZScore" true true false 19 Double 0 0,First,#,aoi2022hp,GiZScore,-1,-1;GiPValue "GiPValue" true true false 19 Double 0 0,First,#,aoi2022hp,GiPValue,-1,-1;NNeighbors "NNeighbors" true true false 10 Long 0 10,First,#,aoi2022hp,NNeighbors,-1,-1;Gi_Bin "Gi_Bin" true true false 10 Long 0 10,First,#,aoi2022hp,Gi_Bin,-1,-1" #</Process></lineage><itemProps><itemName Sync="TRUE">3hp2022</itemName><imsContentType Sync="TRUE">002</imsContentType><itemSize Sync="TRUE">0.000</itemSize><itemLocation><linkage Sync="TRUE">file://\\DESKTOP-9NI6E9K\D$\CDE_SEMESTER2\P.M.2.5 Hackathon\activefirepoints\hotspots\3hp2022.shp</linkage><protocol Sync="TRUE">Local Area Network</protocol></itemLocation></itemProps><coordRef><type Sync="TRUE">Geographic</type><geogcsn Sync="TRUE">GCS_WGS_1984</geogcsn><csUnits Sync="TRUE">Angular Unit: Degree (0.017453)</csUnits><peXml Sync="TRUE">&lt;GeographicCoordinateSystem xsi:type='typens:GeographicCoordinateSystem' xmlns:xsi='http://www.w3.org/2001/XMLSchema-instance' xmlns:xs='http://www.w3.org/2001/XMLSchema' xmlns:typens='http://www.esri.com/schemas/ArcGIS/3.0.0'&gt;&lt;WKT&gt;GEOGCS[&amp;quot;GCS_WGS_1984&amp;quot;,DATUM[&amp;quot;D_WGS_1984&amp;quot;,SPHEROID[&amp;quot;WGS_1984&amp;quot;,6378137.0,298.257223563]],PRIMEM[&amp;quot;Greenwich&amp;quot;,0.0],UNIT[&amp;quot;Degree&amp;quot;,0.0174532925199433],AUTHORITY[&amp;quot;EPSG&amp;quot;,4326]]&lt;/WKT&gt;&lt;XOrigin&gt;-400&lt;/XOrigin&gt;&lt;YOrigin&gt;-400&lt;/YOrigin&gt;&lt;XYScale&gt;11258999068426.238&lt;/XYScale&gt;&lt;ZOrigin&gt;-100000&lt;/ZOrigin&gt;&lt;ZScale&gt;10000&lt;/ZScale&gt;&lt;MOrigin&gt;-100000&lt;/MOrigin&gt;&lt;MScale&gt;10000&lt;/MScale&gt;&lt;XYTolerance&gt;8.983152841195215e-09&lt;/XYTolerance&gt;&lt;ZTolerance&gt;0.001&lt;/ZTolerance&gt;&lt;MTolerance&gt;0.001&lt;/MTolerance&gt;&lt;HighPrecision&gt;true&lt;/HighPrecision&gt;&lt;LeftLongitude&gt;-180&lt;/LeftLongitude&gt;&lt;WKID&gt;4326&lt;/WKID&gt;&lt;LatestWKID&gt;4326&lt;/LatestWKID&gt;&lt;/GeographicCoordinateSystem&gt;</peXml></coordRef><LayerFile>{"type":"CIMLayerDocument","version":"3.0.0","build":36056,"layers":["CIMPATH=map/aoi2022hp.json"],"layerDefinitions":[{"type":"CIMFeatureLayer","name":"aoi2022hp","uRI":"CIMPATH=map/aoi2022hp.json","sourceModifiedTime":{"type":"TimeInstant"},"useSourceMetadata":true,"description":"aoi2022hp","layerElevation":{"type":"CIMLayerElevationSurface","elevationSurfaceLayerURI":"CIMPATH=Map/b53fe33097264571a800eceba2cf77fb.json"},"expanded":true,"layerType":"Operational","showLegends":true,"visibility":true,"displayCacheType":"Permanent","maxDisplayCacheAge":5,"showPopups":true,"serviceLayerID":-1,"charts":[{"type":"CIMChart","name":"Histogram of Hot Spot Analysis Variable","series":[{"type":"CIMChartHistogramSeries","name":"Series0","uniqueName":"Series0","fields":["brightness"],"verticalAxis":1,"colorType":"SingleColor","visible":true,"binCount":14,"showMean":true,"showMedian":true,"showStandardDeviation":true,"fillSymbolProperties":{"type":"CIMChartFillSymbolProperties","color":{"type":"CIMRGBColor","values":[166,206,227,70]}},"meanLineSymbolProperties":{"type":"CIMChartLineSymbolProperties","visible":true,"width":2,"style":"Solid","color":{"type":"CIMRGBColor","values":[0,92,230,100]}},"medianLineSymbolProperties":{"type":"CIMChartLineSymbolProperties","visible":true,"width":2,"style":"Solid","color":{"type":"CIMRGBColor","values":[132,0,168,100]}},"standardDeviationLineSymbolProperties":{"type":"CIMChartLineSymbolProperties","visible":true,"width":2,"style":"Solid","color":{"type":"CIMRGBColor","values":[156,156,156,100]}},"dataTransformationType":"None","distributionLineSymbolProperties":{"type":"CIMChartLineSymbolProperties","visible":true,"width":2,"style":"Solid","color":{"type":"CIMRGBColor","values":[104,104,104,100]}}}],"generalProperties":{"type":"CIMChartGeneralProperties","title":"Histogram of brightness","showTitle":true,"useAutomaticTitle":false,"showSubTitle":true,"showFooter":true,"titleText":{"type":"CIMChartTextProperties","fontFillColor":{"type":"CIMRGBColor","values":[68,68,68,100]},"fontFamilyName":"Segoe UI","fontSize":16,"fontWeight":"Normal","textCase":"Normal"},"subTitleText":{"type":"CIMChartTextProperties","fontFillColor":{"type":"CIMRGBColor","values":[68,68,68,100]},"fontFamilyName":"Segoe UI","fontSize":12,"fontWeight":"Normal","textCase":"Normal"},"footerText":{"type":"CIMChartTextProperties","fontFillColor":{"type":"CIMRGBColor","values":[68,68,68,100]},"fontFamilyName":"Segoe UI","fontSize":12,"fontWeight":"Normal","textCase":"Normal"},"backgroundSymbolProperties":{"type":"CIMChartFillSymbolProperties","color":{"type":"CIMRGBColor","values":[255,255,255,100]}},"gridLineSymbolProperties":{"type":"CIMChartLineSymbolProperties","visible":true,"width":1,"style":"Solid","color":{"type":"CIMRGBColor","values":[225,225,225,100]}}},"legend":{"type":"CIMChartLegend","visible":true,"showTitle":true,"alignment":"Right","legendText":{"type":"CIMChartTextProperties","fontFillColor":{"type":"CIMRGBColor","values":[68,68,68,100]},"fontFamilyName":"Segoe UI","fontSize":10,"fontWeight":"Normal","textCase":"Normal"},"legendTitle":{"type":"CIMChartTextProperties","fontFillColor":{"type":"CIMRGBColor","values":[68,68,68,100]},"fontFamilyName":"Segoe UI","fontSize":10.8000000000000007,"fontWeight":"Normal","textCase":"Normal"}},"axes":[{"type":"CIMChartAxis","visible":true,"title":"brightness","showTitle":true,"useAutomaticTitle":false,"valueFormat":"N2","dateTimeFormat":"M/d/yyyy","calculateAutomaticMinimum":true,"calculateAutomaticMaximum":true,"minimum":null,"maximum":null,"titleText":{"type":"CIMChartTextProperties","fontFillColor":{"type":"CIMRGBColor","values":[68,68,68,100]},"fontFamilyName":"Segoe UI","fontSize":12,"fontWeight":"Normal","textCase":"Normal"},"labelText":{"type":"CIMChartTextProperties","fontFillColor":{"type":"CIMRGBColor","values":[68,68,68,100]},"fontFamilyName":"Segoe UI","fontSize":10,"fontWeight":"Normal","textCase":"Normal"},"labelCharacterLimit":11,"zoomEndPosition":1},{"type":"CIMChartAxis","visible":true,"showTitle":true,"useAutomaticTitle":true,"valueFormat":"N2","dateTimeFormat":"M/d/yyyy","calculateAutomaticMinimum":true,"calculateAutomaticMaximum":true,"minimum":null,"maximum":null,"titleText":{"type":"CIMChartTextProperties","fontFillColor":{"type":"CIMRGBColor","values":[68,68,68,100]},"fontFamilyName":"Segoe UI","fontSize":12,"fontWeight":"Normal","textCase":"Normal"},"labelText":{"type":"CIMChartTextProperties","fontFillColor":{"type":"CIMRGBColor","values":[68,68,68,100]},"fontFamilyName":"Segoe UI","fontSize":10,"fontWeight":"Normal","textCase":"Normal"},"labelCharacterLimit":11,"zoomEndPosition":1}],"mapSelectionHandling":"Highlight"}],"refreshRate":-1,"refreshRateUnit":"esriTimeUnitsSeconds","blendingMode":"Alpha","allowDrapingOnIntegratedMesh":true,"autoGenerateFeatureTemplates":true,"featureTable":{"type":"CIMFeatureTable","displayField":"SOURCE_ID","editable":true,"dataConnection":{"type":"CIMStandardDataConnection","workspaceConnectionString":"DATABASE=D:\\CDE_SEMESTER2\\P.M.2.5 Hackathon\\activefirepoints","workspaceFactory":"Shapefile","dataset":"aoi2022hp","datasetType":"esriDTFeatureClass"},"studyAreaSpatialRel":"esriSpatialRelUndefined","searchOrder":"esriSearchOrderSpatial"},"htmlPopupEnabled":true,"htmlPopupFormat":{"type":"CIMHtmlPopupFormat","htmlUseCodedDomainValues":true,"htmlPresentationStyle":"TwoColumnTable"},"selectable":true,"featureCacheType":"Session","displayFiltersType":"ByScale","featureBlendingMode":"Alpha","labelClasses":[{"type":"CIMLabelClass","expression":"$feature.SOURCE_ID","expressionEngine":"Arcade","featuresToLabel":"AllVisibleFeatures","maplexLabelPlacementProperties":{"type":"CIMMaplexLabelPlacementProperties","featureType":"Point","avoidPolygonHoles":true,"canOverrunFeature":true,"canPlaceLabelOutsidePolygon":true,"canRemoveOverlappingLabel":true,"canStackLabel":true,"connectionType":"Unambiguous","constrainOffset":"NoConstraint","contourAlignmentType":"Page","contourLadderType":"Straight","contourMaximumAngle":90,"enableConnection":true,"enablePointPlacementPriorities":true,"featureWeight":0,"fontHeightReductionLimit":4,"fontHeightReductionStep":0.5,"fontWidthReductionLimit":90,"fontWidthReductionStep":5,"graticuleAlignmentType":"Straight","keyNumberGroupName":"Default","labelBuffer":15,"labelLargestPolygon":true,"labelPriority":-1,"labelStackingProperties":{"type":"CIMMaplexLabelStackingProperties","stackAlignment":"ChooseBest","maximumNumberOfLines":3,"minimumNumberOfCharsPerLine":3,"maximumNumberOfCharsPerLine":24,"separators":[{"type":"CIMMaplexStackingSeparator","separator":" ","splitAfter":true},{"type":"CIMMaplexStackingSeparator","separator":",","visible":true,"splitAfter":true}],"trimStackingSeparators":true},"lineFeatureType":"General","linePlacementMethod":"OffsetCurvedFromLine","maximumLabelOverrun":36,"maximumLabelOverrunUnit":"Point","minimumFeatureSizeUnit":"Map","multiPartOption":"OneLabelPerPart","offsetAlongLineProperties":{"type":"CIMMaplexOffsetAlongLineProperties","placementMethod":"BestPositionAlongLine","labelAnchorPoint":"CenterOfLabel","distanceUnit":"Percentage","useLineDirection":true},"pointExternalZonePriorities":{"type":"CIMMaplexExternalZonePriorities","aboveLeft":4,"aboveCenter":2,"aboveRight":1,"centerRight":3,"belowRight":5,"belowCenter":7,"belowLeft":8,"centerLeft":6},"pointPlacementMethod":"AroundPoint","polygonAnchorPointType":"GeometricCenter","polygonBoundaryWeight":0,"polygonExternalZones":{"type":"CIMMaplexExternalZonePriorities","aboveLeft":4,"aboveCenter":2,"aboveRight":1,"centerRight":3,"belowRight":5,"belowCenter":7,"belowLeft":8,"centerLeft":6},"polygonFeatureType":"General","polygonInternalZones":{"type":"CIMMaplexInternalZonePriorities","center":1},"polygonPlacementMethod":"CurvedInPolygon","primaryOffset":1,"primaryOffsetUnit":"Point","removeExtraWhiteSpace":true,"repetitionIntervalUnit":"Map","rotationProperties":{"type":"CIMMaplexRotationProperties","rotationType":"Arithmetic","alignmentType":"Straight"},"secondaryOffset":100,"strategyPriorities":{"type":"CIMMaplexStrategyPriorities","stacking":1,"overrun":2,"fontCompression":3,"fontReduction":4,"abbreviation":5},"thinningDistanceUnit":"Point","truncationMarkerCharacter":".","truncationMinimumLength":1,"truncationPreferredCharacters":"aeiou","polygonAnchorPointPerimeterInsetUnit":"Point"},"name":"Class 1","priority":-1,"standardLabelPlacementProperties":{"type":"CIMStandardLabelPlacementProperties","featureType":"Line","featureWeight":"Low","labelWeight":"High","numLabelsOption":"OneLabelPerName","lineLabelPosition":{"type":"CIMStandardLineLabelPosition","above":true,"inLine":true,"parallel":true},"lineLabelPriorities":{"type":"CIMStandardLineLabelPriorities","aboveStart":3,"aboveAlong":3,"aboveEnd":3,"centerStart":3,"centerAlong":3,"centerEnd":3,"belowStart":3,"belowAlong":3,"belowEnd":3},"pointPlacementMethod":"AroundPoint","pointPlacementPriorities":{"type":"CIMStandardPointPlacementPriorities","aboveLeft":2,"aboveCenter":2,"aboveRight":1,"centerLeft":3,"centerRight":2,"belowLeft":3,"belowCenter":3,"belowRight":2},"rotationType":"Arithmetic","polygonPlacementMethod":"AlwaysHorizontal"},"textSymbol":{"type":"CIMSymbolReference","symbol":{"type":"CIMTextSymbol","blockProgression":"TTB","depth3D":1,"extrapolateBaselines":true,"fontEffects":"Normal","fontEncoding":"Unicode","fontFamilyName":"Tahoma","fontStyleName":"Regular","fontType":"Unspecified","haloSize":1,"height":10,"hinting":"Default","horizontalAlignment":"Left","kerning":true,"letterWidth":100,"ligatures":true,"lineGapType":"ExtraLeading","symbol":{"type":"CIMPolygonSymbol","symbolLayers":[{"type":"CIMSolidFill","enable":true,"color":{"type":"CIMRGBColor","values":[0,0,0,100]}}]},"textCase":"Normal","textDirection":"LTR","verticalAlignment":"Bottom","verticalGlyphOrientation":"Right","wordSpacing":100,"billboardMode3D":"FaceNearPlane"}},"useCodedValue":true,"visibility":true,"iD":-1}],"renderer":{"type":"CIMClassBreaksRenderer","barrierWeight":"None","breaks":[{"type":"CIMClassBreak","label":"Cold Spot with 99% Confidence","patch":"Default","symbol":{"type":"CIMSymbolReference","symbol":{"type":"CIMPointSymbol","symbolLayers":[{"type":"CIMCharacterMarker","enable":false,"name":"Level_6","colorLocked":true,"anchorPointUnits":"Relative","dominantSizeAxis3D":"Y","size":7,"billboardMode3D":"FaceNearPlane","characterIndex":40,"fontFamilyName":"ESRI Default Marker","fontStyleName":"Regular","fontType":"Unspecified","scaleX":1,"symbol":{"type":"CIMPolygonSymbol","symbolLayers":[{"type":"CIMSolidFill","enable":true,"name":"Level_6","color":{"type":"CIMRGBColor","values":[0,0,0,100]}}]},"scaleSymbolsProportionally":true,"respectFrame":true},{"type":"CIMCharacterMarker","enable":true,"name":"Level_6","anchorPointUnits":"Relative","dominantSizeAxis3D":"Y","size":8,"billboardMode3D":"FaceNearPlane","characterIndex":33,"fontFamilyName":"ESRI Default Marker","fontStyleName":"Regular","fontType":"Unspecified","scaleX":1,"symbol":{"type":"CIMPolygonSymbol","symbolLayers":[{"type":"CIMSolidStroke","enable":true,"capStyle":"Round","joinStyle":"Round","lineStyle3D":"Strip","miterLimit":10,"width":0.5,"color":{"type":"CIMHSVColor","values":[214.001998901367188,62,58.3300018310546875,100]}},{"type":"CIMSolidFill","enable":true,"name":"Level_6","color":{"type":"CIMHSVColor","values":[214,62,71,100]}}]},"scaleSymbolsProportionally":true,"respectFrame":true}],"haloSize":1,"scaleX":1,"angleAlignment":"Map"},"symbolName":"Symbol_10"},"upperBound":-3},{"type":"CIMClassBreak","label":"Cold Spot with 95% Confidence","patch":"Default","symbol":{"type":"CIMSymbolReference","symbol":{"type":"CIMPointSymbol","symbolLayers":[{"type":"CIMCharacterMarker","enable":false,"name":"Level_4","colorLocked":true,"anchorPointUnits":"Relative","dominantSizeAxis3D":"Y","size":7,"billboardMode3D":"FaceNearPlane","characterIndex":40,"fontFamilyName":"ESRI Default Marker","fontStyleName":"Regular","fontType":"Unspecified","scaleX":1,"symbol":{"type":"CIMPolygonSymbol","symbolLayers":[{"type":"CIMSolidFill","enable":true,"name":"Level_4","color":{"type":"CIMRGBColor","values":[0,0,0,100]}}]},"scaleSymbolsProportionally":true,"respectFrame":true},{"type":"CIMCharacterMarker","enable":true,"name":"Level_4","anchorPointUnits":"Relative","dominantSizeAxis3D":"Y","size":8,"billboardMode3D":"FaceNearPlane","characterIndex":33,"fontFamilyName":"ESRI Default Marker","fontStyleName":"Regular","fontType":"Unspecified","scaleX":1,"symbol":{"type":"CIMPolygonSymbol","symbolLayers":[{"type":"CIMSolidStroke","enable":true,"capStyle":"Round","joinStyle":"Round","lineStyle3D":"Strip","miterLimit":10,"width":0.5,"color":{"type":"CIMHSVColor","values":[211.001998901367188,29,62.9099998474121094,100]}},{"type":"CIMSolidFill","enable":true,"name":"Level_4","color":{"type":"CIMHSVColor","values":[211,29,73,100]}}]},"scaleSymbolsProportionally":true,"respectFrame":true}],"haloSize":1,"scaleX":1,"angleAlignment":"Map"},"symbolName":"Symbol_11"},"upperBound":-2},{"type":"CIMClassBreak","label":"Cold Spot with 90% Confidence","patch":"Default","symbol":{"type":"CIMSymbolReference","symbol":{"type":"CIMPointSymbol","symbolLayers":[{"type":"CIMCharacterMarker","enable":false,"name":"Level_2","colorLocked":true,"anchorPointUnits":"Relative","dominantSizeAxis3D":"Y","size":7,"billboardMode3D":"FaceNearPlane","characterIndex":40,"fontFamilyName":"ESRI Default Marker","fontStyleName":"Regular","fontType":"Unspecified","scaleX":1,"symbol":{"type":"CIMPolygonSymbol","symbolLayers":[{"type":"CIMSolidFill","enable":true,"name":"Level_2","color":{"type":"CIMRGBColor","values":[0,0,0,100]}}]},"scaleSymbolsProportionally":true,"respectFrame":true},{"type":"CIMCharacterMarker","enable":true,"name":"Level_2","anchorPointUnits":"Relative","dominantSizeAxis3D":"Y","size":8,"billboardMode3D":"FaceNearPlane","characterIndex":33,"fontFamilyName":"ESRI Default Marker","fontStyleName":"Regular","fontType":"Unspecified","scaleX":1,"symbol":{"type":"CIMPolygonSymbol","symbolLayers":[{"type":"CIMSolidStroke","enable":true,"capStyle":"Round","joinStyle":"Round","lineStyle3D":"Strip","miterLimit":10,"width":0.5,"color":{"type":"CIMHSVColor","values":[109.001998901367188,7,64.160003662109375,100]}},{"type":"CIMSolidFill","enable":true,"name":"Level_2","color":{"type":"CIMHSVColor","values":[109,7,80,100]}}]},"scaleSymbolsProportionally":true,"respectFrame":true}],"haloSize":1,"scaleX":1,"angleAlignment":"Map"},"symbolName":"Symbol_12"},"upperBound":-1},{"type":"CIMClassBreak","label":"Not Significant","patch":"Default","symbol":{"type":"CIMSymbolReference","symbol":{"type":"CIMPointSymbol","symbolLayers":[{"type":"CIMVectorMarker","enable":true,"name":"Level_1","anchorPoint":{"x":0,"y":0,"z":0},"anchorPointUnits":"Relative","dominantSizeAxis3D":"Y","size":3,"billboardMode3D":"FaceNearPlane","frame":{"xmin":0,"ymin":0,"xmax":17,"ymax":17},"markerGraphics":[{"type":"CIMMarkerGraphic","geometry":{"curveRings":[[[17,8.5],{"b":[[8.5,0],[17,3.8100000000000001],[13.19,0]]},{"b":[[0,8.5],[3.8100000000000001,0],[0,3.8100000000000001]]},{"b":[[8.5,17],[0,13.19],[3.8100000000000001,17]]},{"b":[[17,8.5],[13.19,17],[17,13.19]]}]]},"symbol":{"type":"CIMPolygonSymbol","symbolLayers":[{"type":"CIMSolidStroke","enable":true,"capStyle":"Round","joinStyle":"Round","lineStyle3D":"Strip","miterLimit":10,"width":0,"color":{"type":"CIMRGBColor","values":[0,0,0,100]}},{"type":"CIMSolidFill","enable":true,"color":{"type":"CIMRGBColor","values":[156,156,156,100]}}]}}],"scaleSymbolsProportionally":true,"respectFrame":true}],"haloSize":1,"scaleX":1,"angleAlignment":"Display"},"symbolName":"Symbol_13"}},{"type":"CIMClassBreak","label":"Hot Spot with 90% Confidence","patch":"Default","symbol":{"type":"CIMSymbolReference","symbol":{"type":"CIMPointSymbol","symbolLayers":[{"type":"CIMCharacterMarker","enable":false,"name":"Level_3","colorLocked":true,"anchorPointUnits":"Relative","dominantSizeAxis3D":"Y","size":7,"billboardMode3D":"FaceNearPlane","characterIndex":40,"fontFamilyName":"ESRI Default Marker","fontStyleName":"Regular","fontType":"Unspecified","scaleX":1,"symbol":{"type":"CIMPolygonSymbol","symbolLayers":[{"type":"CIMSolidFill","enable":true,"name":"Level_3","color":{"type":"CIMRGBColor","values":[0,0,0,100]}}]},"scaleSymbolsProportionally":true,"respectFrame":true},{"type":"CIMCharacterMarker","enable":true,"name":"Level_3","anchorPointUnits":"Relative","dominantSizeAxis3D":"Y","size":8,"billboardMode3D":"FaceNearPlane","characterIndex":33,"fontFamilyName":"ESRI Default Marker","fontStyleName":"Regular","fontType":"Unspecified","scaleX":1,"symbol":{"type":"CIMPolygonSymbol","symbolLayers":[{"type":"CIMSolidStroke","enable":true,"capStyle":"Round","joinStyle":"Round","lineStyle3D":"Strip","miterLimit":10,"width":0.5,"color":{"type":"CIMHSVColor","values":[27.0000019073486328,47,83.75,100]}},{"type":"CIMSolidFill","enable":true,"name":"Level_3","color":{"type":"CIMHSVColor","values":[27,47,98,100]}}]},"scaleSymbolsProportionally":true,"respectFrame":true}],"haloSize":1,"scaleX":1,"angleAlignment":"Map"},"symbolName":"Symbol_14"},"upperBound":1},{"type":"CIMClassBreak","label":"Hot Spot with 95% Confidence","patch":"Default","symbol":{"type":"CIMSymbolReference","symbol":{"type":"CIMPointSymbol","symbolLayers":[{"type":"CIMCharacterMarker","enable":false,"name":"Level_5","colorLocked":true,"anchorPointUnits":"Relative","dominantSizeAxis3D":"Y","size":7,"billboardMode3D":"FaceNearPlane","characterIndex":40,"fontFamilyName":"ESRI Default Marker","fontStyleName":"Regular","fontType":"Unspecified","scaleX":1,"symbol":{"type":"CIMPolygonSymbol","symbolLayers":[{"type":"CIMSolidFill","enable":true,"name":"Level_5","color":{"type":"CIMRGBColor","values":[0,0,0,100]}}]},"scaleSymbolsProportionally":true,"respectFrame":true},{"type":"CIMCharacterMarker","enable":true,"name":"Level_5","anchorPointUnits":"Relative","dominantSizeAxis3D":"Y","size":8,"billboardMode3D":"FaceNearPlane","characterIndex":33,"fontFamilyName":"ESRI Default Marker","fontStyleName":"Regular","fontType":"Unspecified","scaleX":1,"symbol":{"type":"CIMPolygonSymbol","symbolLayers":[{"type":"CIMSolidStroke","enable":true,"capStyle":"Round","joinStyle":"Round","lineStyle3D":"Strip","miterLimit":10,"width":0.5,"color":{"type":"CIMHSVColor","values":[13.99799919128418,66,81.25,100]}},{"type":"CIMSolidFill","enable":true,"name":"Level_5","color":{"type":"CIMHSVColor","values":[14,66,93,100]}}]},"scaleSymbolsProportionally":true,"respectFrame":true}],"haloSize":1,"scaleX":1,"angleAlignment":"Map"},"symbolName":"Symbol_15"},"upperBound":2},{"type":"CIMClassBreak","label":"Hot Spot with 99% Confidence","patch":"Default","symbol":{"type":"CIMSymbolReference","symbol":{"type":"CIMPointSymbol","symbolLayers":[{"type":"CIMCharacterMarker","enable":true,"name":"Level_7","colorLocked":true,"anchorPointUnits":"Relative","dominantSizeAxis3D":"Y","size":7,"billboardMode3D":"FaceNearPlane","characterIndex":40,"fontFamilyName":"ESRI Default Marker","fontStyleName":"Regular","fontType":"Unspecified","scaleX":1,"symbol":{"type":"CIMPolygonSymbol","symbolLayers":[{"type":"CIMSolidFill","enable":true,"name":"Level_7","color":{"type":"CIMRGBColor","values":[0,0,0,100]}}]},"scaleSymbolsProportionally":true,"respectFrame":true},{"type":"CIMCharacterMarker","enable":true,"name":"Level_7","anchorPointUnits":"Relative","dominantSizeAxis3D":"Y","size":8,"billboardMode3D":"FaceNearPlane","characterIndex":33,"fontFamilyName":"ESRI Default Marker","fontStyleName":"Regular","fontType":"Unspecified","scaleX":1,"symbol":{"type":"CIMPolygonSymbol","symbolLayers":[{"type":"CIMSolidStroke","enable":true,"capStyle":"Round","joinStyle":"Round","lineStyle3D":"Strip","miterLimit":10,"width":0.5,"color":{"type":"CIMHSVColor","values":[3.0000002384185791,82,69.5800018310546875,100]}},{"type":"CIMSolidFill","enable":true,"name":"Level_7","color":{"type":"CIMHSVColor","values":[3,82,84,100]}}]},"scaleSymbolsProportionally":true,"respectFrame":true}],"haloSize":1,"scaleX":1,"angleAlignment":"Map"},"symbolName":"Symbol_16"},"upperBound":3}],"classBreakType":"GraduatedColor","classificationMethod":"Manual","colorRamp":{"type":"CIMMultipartColorRamp","colorRamps":[{"type":"CIMLinearContinuousColorRamp","colorSpace":{"type":"CIMICCColorSpace","url":"CIELAB"},"fromColor":{"type":"CIMLABColor","values":[55.5416955096050771,-1.1449314297332647,-34.5059141200635437,100]},"toColor":{"type":"CIMLABColor","values":[98.6826149161176716,-7.7588099004781146,23.8119356325767519,100]}},{"type":"CIMLinearContinuousColorRamp","colorSpace":{"type":"CIMICCColorSpace","url":"CIELAB"},"fromColor":{"type":"CIMLABColor","values":[98.6826149161176716,-7.7588099004781146,23.8119356325767519,100]},"toColor":{"type":"CIMLABColor","values":[53.3780708199215326,59.3267368956214014,45.2494837440132187,100]}}],"weights":[1,1]},"field":"Gi_Bin","minimumBreak":-3,"numberFormat":{"type":"CIMNumericFormat","alignmentOption":"esriAlignLeft","alignmentWidth":12,"roundingOption":"esriRoundNumberOfDecimals","roundingValue":0,"zeroPad":true},"showInAscendingOrder":true,"heading":"Gi_Bin","sampleSize":10000,"defaultSymbolPatch":"Default","polygonSymbolColorTarget":"Fill","normalizationTotal":1,"normalizationType":"Nothing","useExclusionSymbol":false,"exclusionSymbolPatch":"Default"},"scaleSymbols":true,"snappable":true}]}</LayerFile></DataProperties><SyncDate>20230812</SyncDate><SyncTime>22292800</SyncTime><ModDate>20230812</ModDate><ModTime>22292800</ModTime></Esri><dataIdInfo><envirDesc Sync="TRUE">Microsoft Windows 10 Version 10.0 (Build 19045) ; Esri ArcGIS 13.0.0.36056</envirDesc><dataLang><languageCode value="eng" Sync="TRUE"></languageCode><countryCode value="USA" Sync="TRUE"></countryCode></dataLang><idCitation><resTitle Sync="TRUE">3hp2022</resTitle><presForm><PresFormCd value="005" Sync="TRUE"></PresFormCd></presForm></idCitation><spatRpType><SpatRepTypCd value="001" Sync="TRUE"></SpatRepTypCd></spatRpType></dataIdInfo><mdLang><languageCode value="eng" Sync="TRUE"></languageCode><countryCode value="USA" Sync="TRUE"></countryCode></mdLang><distInfo><distFormat><formatName Sync="TRUE">Shapefile</formatName></distFormat><distTranOps><transSize Sync="TRUE">0.000</transSize></distTranOps></distInfo><mdHrLv><ScopeCd value="005" Sync="TRUE"></ScopeCd></mdHrLv><mdHrLvName Sync="TRUE">dataset</mdHrLvName><refSysInfo><RefSystem><refSysID><identCode code="4326" Sync="TRUE"></identCode><idCodeSpace Sync="TRUE">EPSG</idCodeSpace><idVersion Sync="TRUE">6.2(3.0.1)</idVersion></refSysID></RefSystem></refSysInfo><spatRepInfo><VectSpatRep><geometObjs Name="3hp2022"><geoObjTyp><GeoObjTypCd value="004" Sync="TRUE"></GeoObjTypCd></geoObjTyp><geoObjCnt Sync="TRUE">0</geoObjCnt></geometObjs><topLvl><TopoLevCd value="001" Sync="TRUE"></TopoLevCd></topLvl></VectSpatRep></spatRepInfo><spdoinfo><ptvctinf><esriterm Name="3hp2022"><efeatyp Sync="TRUE">Simple</efeatyp><efeageom code="1" Sync="TRUE"></efeageom><esritopo Sync="TRUE">FALSE</esritopo><efeacnt Sync="TRUE">0</efeacnt><spindex Sync="TRUE">FALSE</spindex><linrefer Sync="TRUE">FALSE</linrefer></esriterm></ptvctinf></spdoinfo><eainfo><detailed Name="3hp2022"><enttyp><enttypl Sync="TRUE">3hp2022</enttypl><enttypt Sync="TRUE">Feature Class</enttypt><enttypc Sync="TRUE">0</enttypc></enttyp><attr><attrlabl Sync="TRUE">FID</attrlabl><attalias Sync="TRUE">FID</attalias><attrtype Sync="TRUE">OID</attrtype><attwidth Sync="TRUE">4</attwidth><atprecis Sync="TRUE">0</atprecis><attscale Sync="TRUE">0</attscale><attrdef Sync="TRUE">Internal feature number.</attrdef><attrdefs Sync="TRUE">Esri</attrdefs><attrdomv><udom Sync="TRUE">Sequential unique whole numbers that are automatically generated.</udom></attrdomv></attr><attr><attrlabl Sync="TRUE">Shape</attrlabl><attalias Sync="TRUE">Shape</attalias><attrtype Sync="TRUE">Geometry</attrtype><attwidth Sync="TRUE">0</attwidth><atprecis Sync="TRUE">0</atprecis><attscale Sync="TRUE">0</attscale><attrdef Sync="TRUE">Feature geometry.</attrdef><attrdefs Sync="TRUE">Esri</attrdefs><attrdomv><udom Sync="TRUE">Coordinates defining the features.</udom></attrdomv></attr><attr><attrlabl Sync="TRUE">SOURCE_ID</attrlabl><attalias Sync="TRUE">SOURCE_ID</attalias><attrtype Sync="TRUE">Integer</attrtype><attwidth Sync="TRUE">10</attwidth><atprecis Sync="TRUE">10</atprecis><attscale Sync="TRUE">0</attscale></attr><attr><attrlabl Sync="TRUE">brightness</attrlabl><attalias Sync="TRUE">brightness</attalias><attrtype Sync="TRUE">Double</attrtype><attwidth Sync="TRUE">19</attwidth><atprecis Sync="TRUE">0</atprecis><attscale Sync="TRUE">0</attscale></attr><attr><attrlabl Sync="TRUE">GiZScore</attrlabl><attalias Sync="TRUE">GiZScore</attalias><attrtype Sync="TRUE">Double</attrtype><attwidth Sync="TRUE">19</attwidth><atprecis Sync="TRUE">0</atprecis><attscale Sync="TRUE">0</attscale></attr><attr><attrlabl Sync="TRUE">GiPValue</attrlabl><attalias Sync="TRUE">GiPValue</attalias><attrtype Sync="TRUE">Double</attrtype><attwidth Sync="TRUE">19</attwidth><atprecis Sync="TRUE">0</atprecis><attscale Sync="TRUE">0</attscale></attr><attr><attrlabl Sync="TRUE">NNeighbors</attrlabl><attalias Sync="TRUE">NNeighbors</attalias><attrtype Sync="TRUE">Integer</attrtype><attwidth Sync="TRUE">10</attwidth><atprecis Sync="TRUE">10</atprecis><attscale Sync="TRUE">0</attscale></attr><attr><attrlabl Sync="TRUE">Gi_Bin</attrlabl><attalias Sync="TRUE">Gi_Bin</attalias><attrtype Sync="TRUE">Integer</attrtype><attwidth Sync="TRUE">10</attwidth><atprecis Sync="TRUE">10</atprecis><attscale Sync="TRUE">0</attscale></attr></detailed></eainfo><mdDateSt Sync="TRUE">20230812</mdDateSt></metadata>
